<rst>
<header>
	<relations>
			<rel name="antithesis" type="rst"/>
			<rel name="background" type="rst"/>
			<rel name="cause" type="rst"/>
			<rel name="circumstance" type="rst"/>
			<rel name="concession" type="rst"/>
			<rel name="condition" type="rst"/>
			<rel name="contrast" type="multinuc"/>
			<rel name="contrast" type="rst"/>
			<rel name="elaboration" type="rst"/>
			<rel name="evaluation" type="rst"/>
			<rel name="evidence" type="rst"/>
			<rel name="joint" type="multinuc"/>
			<rel name="justify" type="rst"/>
			<rel name="motivation" type="rst"/>
			<rel name="preparation" type="rst"/>
			<rel name="purpose" type="rst"/>
			<rel name="restatement" type="multinuc"/>
			<rel name="restatement" type="rst"/>
			<rel name="result" type="rst"/>
			<rel name="sequence" type="multinuc"/>
			<rel name="solutionhood" type="rst"/>
		</relations>
</header>
<body>
		<segment id="1" >Prikbord</segment>
		<segment id="2" >Kies uw categorie</segment>
		<group id="3" type="span" minEntities="1" maxEntities="40" multiplicityId="1" />
		<segment id="2" parent="10" relname="sequence">{Categorie.toegankelijkheid} - {Categorie.naam}</segment>
		<segment id="3" parent="10" relname="sequence">{Categorie.samenvatting}</segment>
		
  </body>
</rst>
