Medewerker.ID;Medewerker.voornaam;Medewerker.tussennamen;Medewerker.achternaam;Medewerker.straat;Medewerker.straatnummer;Medewerker.woonplaats;Medewerker.postcode;Medewerker.geboortedatum;Medewerker.geslacht;Medewerker.BSN;Medewerker.burgerlijkeStaat;Medewerker.identificatie;Medewerker.telefoonnummerWerk;Medewerker.telefoonnummerPrive;Medewerker.mailadressWerk;Medewerker.mailadressPrive;Medewerker.naamPartner;Medewerker.naamKinderen;Medewerker.IBAN;Medewerker.foto;Medewerker.type;Medewerker.status;Medewerker.emolumenten;Medewerker.typeContract;Medewerker.aantalContacturen;Medewerker.datumInDienst;Medewerker.datumInFunctie;Medewerker.handtekening;Team.ID;Team.naam;Team.plaats;Team.budget;Team.afdeling;Team.logo;Teambezetting.datumBegin;Teambezetting.datumEinde;Teambezetting.minimaleBezetting;Teambezetting.buffer;Functie.naam;Functie.niveau;Rol.naam;Rol.bevoegdheid;Verlofdagen.datumBegin;Verlofdagen.datumEind;Verlofdagen.totaalAantal;Verlofdagen.beschikbaarAantal
100234;Henk;;Smits;Domplein;29;Utrecht;3512JE;14041994;Man;21347584;Niet gehuwd;;609876543;612345678;werk@werk.nl;prive@prive.nl;;Peter, Hanna;21347584;../images/047m.jpg;Intern;In dienst;;Voltijds;40;1012017;1032018;;13;MBI students;Utrecht;450;UU informatiewetenschappen;;10072018;29072018;160;30;Functioneel ontwerper;Junior;Poortwachter;;;;25;20
100235;Helena;Willem;van Dijk;Zeiler;122;Velserbroek;3512JE;14041994;Man;21347584;Niet gehuwd;;609876543;612345678;werk@werk.nl;prive@prive.nl;;Peter, Hanna;21347584;../images/001f.jpg;Intern;In dienst;;Voltijds;32;1012017;1032018;;13;MBI students;Utrecht;450;UU informatiewetenschappen;;10072018;29072018;160;30;Developer;Senior;Accorderen HR chat;;;;25;20
;Rosanna;;Wielens;;;;;;;;;;;;;;;;;../images/049f.jpg;;;;;28;;;;;;;;;;;;;;Technisch ontwerper;;;;;;;
;Frank;;Janssen;;;;;;;;;;;;;;;;;../images/053m.jpg;;;;;12;;;;;;;;;;;;;;Software tester;;;;;;;
;Romy;;Kuipers;;;;;;;;;;;;;;;;;../images/013f.jpg;;;;;20;;;;;;;;;;;;;;Teamleider;;Accorderen verlof;;;;;
;Steve;;Boyle;;;;;;;;;;;;;;;;;../images/064m.jpg;;;;;28;;;;;;;;;;;;;;Developer;;Bezetting accordatie;;;;;
;Annelies;;Selles;;;;;;;;;;;;;;;;;../images/anne.jpg;;;;;24;;;;;;;;;;;;;;Assistente;Senior;;;;;;
;Jette;;van Wijk;;;;;;;;;;;;;;;;;../images/jette.jpg;;;;;10;;;;;;;;;;;;;;Oppasser;Junior;;;;;;