<?xml version="1.0" encoding="UTF-8"?>
<uml:Model xmi:version="2.1" xmlns:xmi="http://schema.omg.org/spec/XMI/2.1"
  xmlns:uml="http://www.eclipse.org/uml2/3.0.0/UML" xmi:id="_dEDnkGP4EeibcsR7VzzD_w" name="innovaga">
  <eAnnotations xmi:id="_dEDnkWP4EeibcsR7VzzD_w" source="Objing">
    <contents xmi:type="uml:Property" xmi:id="_dEDnkmP4EeibcsR7VzzD_w" name="exporterVersion">
      <defaultValue xmi:type="uml:LiteralString" xmi:id="_dEDnk2P4EeibcsR7VzzD_w" value="3.0.0"/>
    </contents>
  </eAnnotations>
  <packagedElement/>
  <packagedElement xmi:type="uml:Class" xmi:id="_dEDnlGP4EeibcsR7VzzD_w" name="Medewerker">
    <ownedAttribute xmi:id="_dEDnlWP4EeibcsR7VzzD_w" visibility="public"
      type="_dEDocGP4EeibcsR7VzzD_w" aggregation="composite" association="_dEDnxWP4EeibcsR7VzzD_w">
      <lowerValue xmi:type="uml:LiteralInteger" xmi:id="_dEDnlmP4EeibcsR7VzzD_w"/>
    </ownedAttribute>
    <ownedAttribute xmi:id="_dEDnl2P4EeibcsR7VzzD_w" visibility="public"
      type="_dEDn32P4EeibcsR7VzzD_w" aggregation="composite" association="_dEDnx2P4EeibcsR7VzzD_w"/>
    <ownedAttribute xmi:id="_dEDnmGP4EeibcsR7VzzD_w" visibility="public"
      type="_dEDoC2P4EeibcsR7VzzD_w" aggregation="shared" association="_dEDnyWP4EeibcsR7VzzD_w">
      <lowerValue xmi:type="uml:LiteralInteger" xmi:id="_dEDnmWP4EeibcsR7VzzD_w"/>
    </ownedAttribute>
    <ownedAttribute xmi:id="_dEDnmmP4EeibcsR7VzzD_w" name="gebruikt" visibility="public"
      type="_dEDn-WP4EeibcsR7VzzD_w" association="_dEDny2P4EeibcsR7VzzD_w">
      <lowerValue xmi:type="uml:LiteralInteger" xmi:id="_dEDnm2P4EeibcsR7VzzD_w"/>
    </ownedAttribute>
    <ownedAttribute xmi:id="_dEDnnGP4EeibcsR7VzzD_w" visibility="public"
      type="_dEDoQGP4EeibcsR7VzzD_w" aggregation="composite" association="_dEDnzmP4EeibcsR7VzzD_w">
      <upperValue xmi:type="uml:LiteralUnlimitedNatural" xmi:id="_dEDnnWP4EeibcsR7VzzD_w" value="*"
      />
    </ownedAttribute>
    <ownedAttribute xmi:id="_dEDnnmP4EeibcsR7VzzD_w" visibility="public"
      type="_dEDoRGP4EeibcsR7VzzD_w" aggregation="composite" association="_dEDn0WP4EeibcsR7VzzD_w">
      <upperValue xmi:type="uml:LiteralUnlimitedNatural" xmi:id="_dEDnn2P4EeibcsR7VzzD_w" value="*"
      />
    </ownedAttribute>
    <ownedAttribute xmi:id="_dEDnoGP4EeibcsR7VzzD_w" visibility="public"
      type="_dEDoW2P4EeibcsR7VzzD_w" aggregation="composite" association="_dEDn1GP4EeibcsR7VzzD_w">
      <upperValue xmi:type="uml:LiteralUnlimitedNatural" xmi:id="_dEDnoWP4EeibcsR7VzzD_w" value="*"
      />
    </ownedAttribute>
    <ownedAttribute xmi:id="_dEDnomP4EeibcsR7VzzD_w" name="maakt gebruik van" visibility="public"
      type="_dEDorGP4EeibcsR7VzzD_w" association="_dEDn12P4EeibcsR7VzzD_w">
      <upperValue xmi:type="uml:LiteralUnlimitedNatural" xmi:id="_dEDno2P4EeibcsR7VzzD_w" value="*"/>
      <lowerValue xmi:type="uml:LiteralInteger" xmi:id="_dEDnpGP4EeibcsR7VzzD_w"/>
    </ownedAttribute>
    <ownedAttribute xmi:id="_dEDnpWP4EeibcsR7VzzD_w" name="heeft afgerond" visibility="public"
      type="_dEDor2P4EeibcsR7VzzD_w" association="_dEDn22P4EeibcsR7VzzD_w">
      <upperValue xmi:type="uml:LiteralUnlimitedNatural" xmi:id="_dEDnpmP4EeibcsR7VzzD_w" value="*"/>
      <lowerValue xmi:type="uml:LiteralInteger" xmi:id="_dEDnp2P4EeibcsR7VzzD_w"/>
    </ownedAttribute>
    <ownedAttribute xmi:id="_dEDnqGP4EeibcsR7VzzD_w" name="ID" visibility="public" isUnique="false">
      <type xmi:type="uml:PrimitiveType"
        href="pathmap://UML_LIBRARIES/UMLPrimitiveTypes.library.uml#String"/>
    </ownedAttribute>
    <ownedAttribute xmi:id="_dEDnqWP4EeibcsR7VzzD_w" name="voornaam" visibility="public"
      isUnique="false">
      <type xmi:type="uml:PrimitiveType"
        href="pathmap://UML_LIBRARIES/UMLPrimitiveTypes.library.uml#String"/>
    </ownedAttribute>
    <ownedAttribute xmi:id="_dEDnqmP4EeibcsR7VzzD_w" name="tussennamen" visibility="public"
      isUnique="false">
      <type xmi:type="uml:PrimitiveType"
        href="pathmap://UML_LIBRARIES/UMLPrimitiveTypes.library.uml#String"/>
    </ownedAttribute>
    <ownedAttribute xmi:id="_dEDnq2P4EeibcsR7VzzD_w" name="achternaam" visibility="public"
      isUnique="false">
      <type xmi:type="uml:PrimitiveType"
        href="pathmap://UML_LIBRARIES/UMLPrimitiveTypes.library.uml#String"/>
    </ownedAttribute>
    <ownedAttribute xmi:id="_dEDnrGP4EeibcsR7VzzD_w" name="straat" visibility="public"
      isUnique="false">
      <type xmi:type="uml:PrimitiveType"
        href="pathmap://UML_LIBRARIES/UMLPrimitiveTypes.library.uml#String"/>
    </ownedAttribute>
    <ownedAttribute xmi:id="_dEDnrWP4EeibcsR7VzzD_w" name="straatnummer" visibility="public"
      isUnique="false">
      <type xmi:type="uml:PrimitiveType"
        href="pathmap://UML_LIBRARIES/UMLPrimitiveTypes.library.uml#String"/>
    </ownedAttribute>
    <ownedAttribute xmi:id="_dEDnrmP4EeibcsR7VzzD_w" name="woonplaats" visibility="public"
      isUnique="false">
      <type xmi:type="uml:PrimitiveType"
        href="pathmap://UML_LIBRARIES/UMLPrimitiveTypes.library.uml#String"/>
    </ownedAttribute>
    <ownedAttribute xmi:id="_dEDnr2P4EeibcsR7VzzD_w" name="postcode" visibility="public"
      isUnique="false">
      <type xmi:type="uml:PrimitiveType"
        href="pathmap://UML_LIBRARIES/UMLPrimitiveTypes.library.uml#String"/>
    </ownedAttribute>
    <ownedAttribute xmi:id="_dEDnsGP4EeibcsR7VzzD_w" name="geboortedatum" visibility="public"
      isUnique="false">
      <type xmi:type="uml:PrimitiveType"
        href="pathmap://UML_LIBRARIES/UMLPrimitiveTypes.library.uml#String"/>
    </ownedAttribute>
    <ownedAttribute xmi:id="_dEDnsWP4EeibcsR7VzzD_w" name="geslacht" visibility="public"
      isUnique="false">
      <type xmi:type="uml:PrimitiveType"
        href="pathmap://UML_LIBRARIES/UMLPrimitiveTypes.library.uml#String"/>
    </ownedAttribute>
    <ownedAttribute xmi:id="_dEDnsmP4EeibcsR7VzzD_w" name="BSN" visibility="public" isUnique="false">
      <type xmi:type="uml:PrimitiveType"
        href="pathmap://UML_LIBRARIES/UMLPrimitiveTypes.library.uml#String"/>
    </ownedAttribute>
    <ownedAttribute xmi:id="_dEDns2P4EeibcsR7VzzD_w" name="burgerlijkeStaat" visibility="public"
      isUnique="false">
      <type xmi:type="uml:PrimitiveType"
        href="pathmap://UML_LIBRARIES/UMLPrimitiveTypes.library.uml#String"/>
    </ownedAttribute>
    <ownedAttribute xmi:id="_dEDntGP4EeibcsR7VzzD_w" name="identificatie" visibility="public"
      isUnique="false">
      <type xmi:type="uml:PrimitiveType"
        href="pathmap://UML_LIBRARIES/UMLPrimitiveTypes.library.uml#String"/>
    </ownedAttribute>
    <ownedAttribute xmi:id="_dEDntWP4EeibcsR7VzzD_w" name="telefoonnummerWerk" visibility="public"
      isUnique="false">
      <type xmi:type="uml:PrimitiveType"
        href="pathmap://UML_LIBRARIES/UMLPrimitiveTypes.library.uml#String"/>
    </ownedAttribute>
    <ownedAttribute xmi:id="_dEDntmP4EeibcsR7VzzD_w" name="telefoonnummerPrive" visibility="public"
      isUnique="false">
      <type xmi:type="uml:PrimitiveType"
        href="pathmap://UML_LIBRARIES/UMLPrimitiveTypes.library.uml#String"/>
    </ownedAttribute>
    <ownedAttribute xmi:id="_dEDnt2P4EeibcsR7VzzD_w" name="mailadressWerk" visibility="public"
      isUnique="false">
      <type xmi:type="uml:PrimitiveType"
        href="pathmap://UML_LIBRARIES/UMLPrimitiveTypes.library.uml#String"/>
    </ownedAttribute>
    <ownedAttribute xmi:id="_dEDnuGP4EeibcsR7VzzD_w" name="mailadressPrive" visibility="public"
      isUnique="false">
      <type xmi:type="uml:PrimitiveType"
        href="pathmap://UML_LIBRARIES/UMLPrimitiveTypes.library.uml#String"/>
    </ownedAttribute>
    <ownedAttribute xmi:id="_dEDnuWP4EeibcsR7VzzD_w" name="naamPartner" visibility="public"
      isUnique="false">
      <type xmi:type="uml:PrimitiveType"
        href="pathmap://UML_LIBRARIES/UMLPrimitiveTypes.library.uml#String"/>
    </ownedAttribute>
    <ownedAttribute xmi:id="_dEDnumP4EeibcsR7VzzD_w" name="naamKinderen" visibility="public"
      isUnique="false">
      <type xmi:type="uml:PrimitiveType"
        href="pathmap://UML_LIBRARIES/UMLPrimitiveTypes.library.uml#String"/>
    </ownedAttribute>
    <ownedAttribute xmi:id="_dEDnu2P4EeibcsR7VzzD_w" name="bankrekeningnummer" visibility="public"
      isUnique="false">
      <type xmi:type="uml:PrimitiveType"
        href="pathmap://UML_LIBRARIES/UMLPrimitiveTypes.library.uml#String"/>
    </ownedAttribute>
    <ownedAttribute xmi:id="_dEDnvGP4EeibcsR7VzzD_w" name="foto" visibility="public"
      isUnique="false">
      <type xmi:type="uml:PrimitiveType"
        href="pathmap://UML_LIBRARIES/EcorePrimitiveTypes.library.uml#EByte"/>
    </ownedAttribute>
    <ownedAttribute xmi:id="_dEDnvWP4EeibcsR7VzzD_w" name="type" visibility="public"
      isUnique="false">
      <type xmi:type="uml:PrimitiveType"
        href="pathmap://UML_LIBRARIES/UMLPrimitiveTypes.library.uml#String"/>
    </ownedAttribute>
    <ownedAttribute xmi:id="_dEDnvmP4EeibcsR7VzzD_w" name="status" visibility="public"
      isUnique="false">
      <type xmi:type="uml:PrimitiveType"
        href="pathmap://UML_LIBRARIES/UMLPrimitiveTypes.library.uml#String"/>
    </ownedAttribute>
    <ownedAttribute xmi:id="_dEDnv2P4EeibcsR7VzzD_w" name="emolumenten" visibility="public"
      isUnique="false">
      <type xmi:type="uml:PrimitiveType"
        href="pathmap://UML_LIBRARIES/UMLPrimitiveTypes.library.uml#String"/>
    </ownedAttribute>
    <ownedAttribute xmi:id="_dEDnwGP4EeibcsR7VzzD_w" name="typeContract" visibility="public"
      isUnique="false">
      <type xmi:type="uml:PrimitiveType"
        href="pathmap://UML_LIBRARIES/UMLPrimitiveTypes.library.uml#String"/>
    </ownedAttribute>
    <ownedAttribute xmi:id="_dEDnwWP4EeibcsR7VzzD_w" name="aantalContacturen" visibility="public"
      isUnique="false">
      <type xmi:type="uml:PrimitiveType"
        href="pathmap://UML_LIBRARIES/UMLPrimitiveTypes.library.uml#String"/>
    </ownedAttribute>
    <ownedAttribute xmi:id="_dEDnwmP4EeibcsR7VzzD_w" name="datumInDienst" visibility="public"
      isUnique="false">
      <type xmi:type="uml:PrimitiveType"
        href="pathmap://UML_LIBRARIES/UMLPrimitiveTypes.library.uml#String"/>
    </ownedAttribute>
    <ownedAttribute xmi:id="_dEDnw2P4EeibcsR7VzzD_w" name="datumInFunctie" visibility="public"
      isUnique="false">
      <type xmi:type="uml:PrimitiveType"
        href="pathmap://UML_LIBRARIES/UMLPrimitiveTypes.library.uml#String"/>
    </ownedAttribute>
    <ownedAttribute xmi:id="_dEDnxGP4EeibcsR7VzzD_w" name="handtekening" visibility="public"
      isUnique="false">
      <type xmi:type="uml:PrimitiveType"
        href="pathmap://UML_LIBRARIES/UMLPrimitiveTypes.library.uml#String"/>
    </ownedAttribute>
  </packagedElement>
  <packagedElement xmi:type="uml:Association" xmi:id="_dEDnxWP4EeibcsR7VzzD_w"
    memberEnd="_dEDnlWP4EeibcsR7VzzD_w _dEDnxmP4EeibcsR7VzzD_w">
    <ownedEnd xmi:id="_dEDnxmP4EeibcsR7VzzD_w" visibility="public" type="_dEDnlGP4EeibcsR7VzzD_w"
      association="_dEDnxWP4EeibcsR7VzzD_w"/>
  </packagedElement>
  <packagedElement xmi:type="uml:Association" xmi:id="_dEDnx2P4EeibcsR7VzzD_w"
    memberEnd="_dEDnl2P4EeibcsR7VzzD_w _dEDnyGP4EeibcsR7VzzD_w">
    <ownedEnd xmi:id="_dEDnyGP4EeibcsR7VzzD_w" visibility="public" type="_dEDnlGP4EeibcsR7VzzD_w"
      association="_dEDnx2P4EeibcsR7VzzD_w"/>
  </packagedElement>
  <packagedElement xmi:type="uml:Association" xmi:id="_dEDnyWP4EeibcsR7VzzD_w"
    memberEnd="_dEDnmGP4EeibcsR7VzzD_w _dEDnymP4EeibcsR7VzzD_w">
    <ownedEnd xmi:id="_dEDnymP4EeibcsR7VzzD_w" visibility="public" type="_dEDnlGP4EeibcsR7VzzD_w"
      association="_dEDnyWP4EeibcsR7VzzD_w"/>
  </packagedElement>
  <packagedElement xmi:type="uml:Association" xmi:id="_dEDny2P4EeibcsR7VzzD_w"
    memberEnd="_dEDnmmP4EeibcsR7VzzD_w _dEDnzGP4EeibcsR7VzzD_w">
    <ownedEnd xmi:id="_dEDnzGP4EeibcsR7VzzD_w" visibility="public" type="_dEDnlGP4EeibcsR7VzzD_w"
      association="_dEDny2P4EeibcsR7VzzD_w">
      <lowerValue xmi:type="uml:LiteralInteger" xmi:id="_dEDnzWP4EeibcsR7VzzD_w"/>
    </ownedEnd>
  </packagedElement>
  <packagedElement xmi:type="uml:Association" xmi:id="_dEDnzmP4EeibcsR7VzzD_w"
    memberEnd="_dEDnnGP4EeibcsR7VzzD_w _dEDnz2P4EeibcsR7VzzD_w">
    <ownedEnd xmi:id="_dEDnz2P4EeibcsR7VzzD_w" visibility="public" type="_dEDnlGP4EeibcsR7VzzD_w"
      association="_dEDnzmP4EeibcsR7VzzD_w">
      <upperValue xmi:type="uml:LiteralUnlimitedNatural" xmi:id="_dEDn0GP4EeibcsR7VzzD_w" value="*"
      />
    </ownedEnd>
  </packagedElement>
  <packagedElement xmi:type="uml:Association" xmi:id="_dEDn0WP4EeibcsR7VzzD_w"
    memberEnd="_dEDnnmP4EeibcsR7VzzD_w _dEDn0mP4EeibcsR7VzzD_w">
    <ownedEnd xmi:id="_dEDn0mP4EeibcsR7VzzD_w" visibility="public" type="_dEDnlGP4EeibcsR7VzzD_w"
      association="_dEDn0WP4EeibcsR7VzzD_w">
      <upperValue xmi:type="uml:LiteralUnlimitedNatural" xmi:id="_dEDn02P4EeibcsR7VzzD_w" value="*"
      />
    </ownedEnd>
  </packagedElement>
  <packagedElement xmi:type="uml:Association" xmi:id="_dEDn1GP4EeibcsR7VzzD_w"
    memberEnd="_dEDnoGP4EeibcsR7VzzD_w _dEDn1WP4EeibcsR7VzzD_w">
    <ownedEnd xmi:id="_dEDn1WP4EeibcsR7VzzD_w" visibility="public" type="_dEDnlGP4EeibcsR7VzzD_w"
      association="_dEDn1GP4EeibcsR7VzzD_w">
      <upperValue xmi:type="uml:LiteralUnlimitedNatural" xmi:id="_dEDn1mP4EeibcsR7VzzD_w" value="*"
      />
    </ownedEnd>
  </packagedElement>
  <packagedElement xmi:type="uml:Association" xmi:id="_dEDn12P4EeibcsR7VzzD_w"
    memberEnd="_dEDnomP4EeibcsR7VzzD_w _dEDn2GP4EeibcsR7VzzD_w">
    <ownedEnd xmi:id="_dEDn2GP4EeibcsR7VzzD_w" visibility="public" type="_dEDnlGP4EeibcsR7VzzD_w"
      association="_dEDn12P4EeibcsR7VzzD_w">
      <upperValue xmi:type="uml:LiteralUnlimitedNatural" xmi:id="_dEDn2WP4EeibcsR7VzzD_w" value="*"/>
      <lowerValue xmi:type="uml:LiteralInteger" xmi:id="_dEDn2mP4EeibcsR7VzzD_w"/>
    </ownedEnd>
  </packagedElement>
  <packagedElement xmi:type="uml:Association" xmi:id="_dEDn22P4EeibcsR7VzzD_w"
    memberEnd="_dEDnpWP4EeibcsR7VzzD_w _dEDn3GP4EeibcsR7VzzD_w">
    <ownedEnd xmi:id="_dEDn3GP4EeibcsR7VzzD_w" visibility="public" type="_dEDnlGP4EeibcsR7VzzD_w"
      association="_dEDn22P4EeibcsR7VzzD_w">
      <upperValue xmi:type="uml:LiteralUnlimitedNatural" xmi:id="_dEDn3WP4EeibcsR7VzzD_w" value="*"/>
      <lowerValue xmi:type="uml:LiteralInteger" xmi:id="_dEDn3mP4EeibcsR7VzzD_w"/>
    </ownedEnd>
  </packagedElement>
  <packagedElement xmi:type="uml:Class" xmi:id="_dEDn32P4EeibcsR7VzzD_w" name="Salaris">
    <ownedAttribute xmi:id="_dEDn4GP4EeibcsR7VzzD_w" name="salarisschaal" visibility="public"
      isUnique="false">
      <type xmi:type="uml:PrimitiveType"
        href="pathmap://UML_LIBRARIES/UMLPrimitiveTypes.library.uml#String"/>
    </ownedAttribute>
    <ownedAttribute xmi:id="_dEDn4WP4EeibcsR7VzzD_w" name="salarisfrequentie" visibility="public"
      isUnique="false">
      <type xmi:type="uml:PrimitiveType"
        href="pathmap://UML_LIBRARIES/UMLPrimitiveTypes.library.uml#String"/>
    </ownedAttribute>
    <ownedAttribute xmi:id="_dEDn4mP4EeibcsR7VzzD_w" name="basissalaris" visibility="public"
      isUnique="false">
      <type xmi:type="uml:PrimitiveType"
        href="pathmap://UML_LIBRARIES/UMLPrimitiveTypes.library.uml#String"/>
    </ownedAttribute>
    <ownedAttribute xmi:id="_dEDn42P4EeibcsR7VzzD_w" name="winstdeling" visibility="public"
      isUnique="false">
      <type xmi:type="uml:PrimitiveType"
        href="pathmap://UML_LIBRARIES/UMLPrimitiveTypes.library.uml#String"/>
    </ownedAttribute>
    <ownedAttribute xmi:id="_dEDn5GP4EeibcsR7VzzD_w" name="bonussen" visibility="public"
      isUnique="false">
      <type xmi:type="uml:PrimitiveType"
        href="pathmap://UML_LIBRARIES/UMLPrimitiveTypes.library.uml#String"/>
    </ownedAttribute>
    <ownedAttribute xmi:id="_dEDn5WP4EeibcsR7VzzD_w" name="marktwaardeToeslag" visibility="public"
      isUnique="false">
      <type xmi:type="uml:PrimitiveType"
        href="pathmap://UML_LIBRARIES/UMLPrimitiveTypes.library.uml#String"/>
    </ownedAttribute>
  </packagedElement>
  <packagedElement xmi:type="uml:Class" xmi:id="_dEDn5mP4EeibcsR7VzzD_w" name="Bedrijf">
    <ownedAttribute xmi:id="_dEDn52P4EeibcsR7VzzD_w" visibility="public"
      type="_dEDnlGP4EeibcsR7VzzD_w" aggregation="composite" association="_dEDn82P4EeibcsR7VzzD_w">
      <upperValue xmi:type="uml:LiteralUnlimitedNatural" xmi:id="_dEDn6GP4EeibcsR7VzzD_w" value="*"
      />
    </ownedAttribute>
    <ownedAttribute xmi:id="_dEDn6WP4EeibcsR7VzzD_w" visibility="public"
      type="_dEDn-WP4EeibcsR7VzzD_w" aggregation="shared" association="_dEDn9WP4EeibcsR7VzzD_w">
      <lowerValue xmi:type="uml:LiteralInteger" xmi:id="_dEDn6mP4EeibcsR7VzzD_w"/>
    </ownedAttribute>
    <ownedAttribute xmi:id="_dEDn62P4EeibcsR7VzzD_w" name="ID" visibility="public" isUnique="false">
      <type xmi:type="uml:PrimitiveType"
        href="pathmap://UML_LIBRARIES/UMLPrimitiveTypes.library.uml#String"/>
    </ownedAttribute>
    <ownedAttribute xmi:id="_dEDn7GP4EeibcsR7VzzD_w" name="naam" visibility="public"
      isUnique="false">
      <type xmi:type="uml:PrimitiveType"
        href="pathmap://UML_LIBRARIES/UMLPrimitiveTypes.library.uml#String"/>
    </ownedAttribute>
    <ownedAttribute xmi:id="_dEDn7WP4EeibcsR7VzzD_w" name="plaats" visibility="public"
      isUnique="false">
      <type xmi:type="uml:PrimitiveType"
        href="pathmap://UML_LIBRARIES/UMLPrimitiveTypes.library.uml#String"/>
    </ownedAttribute>
    <ownedAttribute xmi:id="_dEDn7mP4EeibcsR7VzzD_w" name="straat" visibility="public"
      isUnique="false">
      <type xmi:type="uml:PrimitiveType"
        href="pathmap://UML_LIBRARIES/UMLPrimitiveTypes.library.uml#String"/>
    </ownedAttribute>
    <ownedAttribute xmi:id="_dEDn72P4EeibcsR7VzzD_w" name="straatnummer" visibility="public"
      isUnique="false">
      <type xmi:type="uml:PrimitiveType"
        href="pathmap://UML_LIBRARIES/UMLPrimitiveTypes.library.uml#String"/>
    </ownedAttribute>
    <ownedAttribute xmi:id="_dEDn8GP4EeibcsR7VzzD_w" name="postcode" visibility="public"
      isUnique="false">
      <type xmi:type="uml:PrimitiveType"
        href="pathmap://UML_LIBRARIES/UMLPrimitiveTypes.library.uml#String"/>
    </ownedAttribute>
    <ownedAttribute xmi:id="_dEDn8WP4EeibcsR7VzzD_w" name="datumOprichting" visibility="public"
      isUnique="false">
      <type xmi:type="uml:PrimitiveType"
        href="pathmap://UML_LIBRARIES/UMLPrimitiveTypes.library.uml#String"/>
    </ownedAttribute>
    <ownedAttribute xmi:id="_dEDn8mP4EeibcsR7VzzD_w" name="logo" visibility="public"
      isUnique="false">
      <type xmi:type="uml:PrimitiveType"
        href="pathmap://UML_LIBRARIES/EcorePrimitiveTypes.library.uml#EByte"/>
    </ownedAttribute>
  </packagedElement>
  <packagedElement xmi:type="uml:Association" xmi:id="_dEDn82P4EeibcsR7VzzD_w"
    memberEnd="_dEDn52P4EeibcsR7VzzD_w _dEDn9GP4EeibcsR7VzzD_w">
    <ownedEnd xmi:id="_dEDn9GP4EeibcsR7VzzD_w" visibility="public" type="_dEDn5mP4EeibcsR7VzzD_w"
      association="_dEDn82P4EeibcsR7VzzD_w"/>
  </packagedElement>
  <packagedElement xmi:type="uml:Association" xmi:id="_dEDn9WP4EeibcsR7VzzD_w"
    memberEnd="_dEDn6WP4EeibcsR7VzzD_w _dEDn9mP4EeibcsR7VzzD_w">
    <ownedEnd xmi:id="_dEDn9mP4EeibcsR7VzzD_w" visibility="public" type="_dEDn5mP4EeibcsR7VzzD_w"
      association="_dEDn9WP4EeibcsR7VzzD_w">
      <ownedComment xmi:id="_dEDn92P4EeibcsR7VzzD_w">
        <body>&lt;Enter note text here></body>
      </ownedComment>
      <upperValue xmi:type="uml:LiteralUnlimitedNatural" xmi:id="_dEDn-GP4EeibcsR7VzzD_w" value="*"
      />
    </ownedEnd>
  </packagedElement>
  <packagedElement xmi:type="uml:Class" xmi:id="_dEDn-WP4EeibcsR7VzzD_w" name="Externe Partij">
    <ownedAttribute xmi:id="_dEDn-mP4EeibcsR7VzzD_w" visibility="public"
      type="_dEDoyWP4EeibcsR7VzzD_w" aggregation="composite" association="_dEDoBWP4EeibcsR7VzzD_w">
      <lowerValue xmi:type="uml:LiteralInteger" xmi:id="_dEDn-2P4EeibcsR7VzzD_w"/>
    </ownedAttribute>
    <ownedAttribute xmi:id="_dEDn_GP4EeibcsR7VzzD_w" visibility="public"
      type="_dEDoymP4EeibcsR7VzzD_w" aggregation="composite" association="_dEDoB2P4EeibcsR7VzzD_w">
      <lowerValue xmi:type="uml:LiteralInteger" xmi:id="_dEDn_WP4EeibcsR7VzzD_w"/>
    </ownedAttribute>
    <ownedAttribute xmi:id="_dEDn_mP4EeibcsR7VzzD_w" visibility="public"
      type="_dEDoy2P4EeibcsR7VzzD_w" aggregation="composite" association="_dEDoCWP4EeibcsR7VzzD_w">
      <lowerValue xmi:type="uml:LiteralInteger" xmi:id="_dEDn_2P4EeibcsR7VzzD_w"/>
    </ownedAttribute>
    <ownedAttribute xmi:id="_dEDoAGP4EeibcsR7VzzD_w" name="naam" visibility="public"
      isUnique="false">
      <type xmi:type="uml:PrimitiveType"
        href="pathmap://UML_LIBRARIES/UMLPrimitiveTypes.library.uml#String"/>
    </ownedAttribute>
    <ownedAttribute xmi:id="_dEDoAWP4EeibcsR7VzzD_w" name="plaats" visibility="public"
      isUnique="false">
      <type xmi:type="uml:PrimitiveType"
        href="pathmap://UML_LIBRARIES/UMLPrimitiveTypes.library.uml#String"/>
    </ownedAttribute>
    <ownedAttribute xmi:id="_dEDoAmP4EeibcsR7VzzD_w" name="straatnummer" visibility="public"
      isUnique="false">
      <type xmi:type="uml:PrimitiveType"
        href="pathmap://UML_LIBRARIES/UMLPrimitiveTypes.library.uml#String"/>
    </ownedAttribute>
    <ownedAttribute xmi:id="_dEDoA2P4EeibcsR7VzzD_w" name="postcode" visibility="public"
      isUnique="false">
      <type xmi:type="uml:PrimitiveType"
        href="pathmap://UML_LIBRARIES/UMLPrimitiveTypes.library.uml#String"/>
    </ownedAttribute>
    <ownedAttribute xmi:id="_dEDoBGP4EeibcsR7VzzD_w" name="straat" visibility="public"
      isUnique="false">
      <type xmi:type="uml:PrimitiveType"
        href="pathmap://UML_LIBRARIES/UMLPrimitiveTypes.library.uml#String"/>
    </ownedAttribute>
  </packagedElement>
  <packagedElement xmi:type="uml:Association" xmi:id="_dEDoBWP4EeibcsR7VzzD_w"
    memberEnd="_dEDn-mP4EeibcsR7VzzD_w _dEDoBmP4EeibcsR7VzzD_w">
    <ownedEnd xmi:id="_dEDoBmP4EeibcsR7VzzD_w" visibility="public" type="_dEDn-WP4EeibcsR7VzzD_w"
      association="_dEDoBWP4EeibcsR7VzzD_w"/>
  </packagedElement>
  <packagedElement xmi:type="uml:Association" xmi:id="_dEDoB2P4EeibcsR7VzzD_w"
    memberEnd="_dEDn_GP4EeibcsR7VzzD_w _dEDoCGP4EeibcsR7VzzD_w">
    <ownedEnd xmi:id="_dEDoCGP4EeibcsR7VzzD_w" visibility="public" type="_dEDn-WP4EeibcsR7VzzD_w"
      association="_dEDoB2P4EeibcsR7VzzD_w"/>
  </packagedElement>
  <packagedElement xmi:type="uml:Association" xmi:id="_dEDoCWP4EeibcsR7VzzD_w"
    memberEnd="_dEDn_mP4EeibcsR7VzzD_w _dEDoCmP4EeibcsR7VzzD_w">
    <ownedEnd xmi:id="_dEDoCmP4EeibcsR7VzzD_w" visibility="public" type="_dEDn-WP4EeibcsR7VzzD_w"
      association="_dEDoCWP4EeibcsR7VzzD_w"/>
  </packagedElement>
  <packagedElement xmi:type="uml:Class" xmi:id="_dEDoC2P4EeibcsR7VzzD_w" name="Beoordeling">
    <ownedAttribute xmi:id="_dEDoDGP4EeibcsR7VzzD_w" name="datum" visibility="public"
      isUnique="false">
      <type xmi:type="uml:PrimitiveType"
        href="pathmap://UML_LIBRARIES/UMLPrimitiveTypes.library.uml#String"/>
    </ownedAttribute>
  </packagedElement>
  <packagedElement xmi:type="uml:Class" xmi:id="_dEDoDWP4EeibcsR7VzzD_w" name="Team">
    <ownedAttribute xmi:id="_dEDoDmP4EeibcsR7VzzD_w" visibility="public"
      type="_dEDnlGP4EeibcsR7VzzD_w" aggregation="composite" association="_dEDoKGP4EeibcsR7VzzD_w">
      <upperValue xmi:type="uml:LiteralUnlimitedNatural" xmi:id="_dEDoD2P4EeibcsR7VzzD_w" value="*"
      />
    </ownedAttribute>
    <ownedAttribute xmi:id="_dEDoEGP4EeibcsR7VzzD_w" visibility="public"
      type="_dEDoXmP4EeibcsR7VzzD_w" aggregation="composite" association="_dEDoK2P4EeibcsR7VzzD_w">
      <lowerValue xmi:type="uml:LiteralInteger" xmi:id="_dEDoEWP4EeibcsR7VzzD_w"/>
    </ownedAttribute>
    <ownedAttribute xmi:id="_dEDoEmP4EeibcsR7VzzD_w" visibility="public"
      type="_dEDoQGP4EeibcsR7VzzD_w" aggregation="composite" association="_dEDoLWP4EeibcsR7VzzD_w">
      <upperValue xmi:type="uml:LiteralUnlimitedNatural" xmi:id="_dEDoE2P4EeibcsR7VzzD_w" value="*"
      />
    </ownedAttribute>
    <ownedAttribute xmi:id="_dEDoFGP4EeibcsR7VzzD_w" visibility="public"
      type="_dEDoRGP4EeibcsR7VzzD_w" aggregation="composite" association="_dEDoMGP4EeibcsR7VzzD_w">
      <upperValue xmi:type="uml:LiteralUnlimitedNatural" xmi:id="_dEDoFWP4EeibcsR7VzzD_w" value="*"
      />
    </ownedAttribute>
    <ownedAttribute xmi:id="_dEDoFmP4EeibcsR7VzzD_w" visibility="public"
      type="_dEDoW2P4EeibcsR7VzzD_w" aggregation="composite" association="_dEDoM2P4EeibcsR7VzzD_w">
      <upperValue xmi:type="uml:LiteralUnlimitedNatural" xmi:id="_dEDoF2P4EeibcsR7VzzD_w" value="*"
      />
    </ownedAttribute>
    <ownedAttribute xmi:id="_dEDoGGP4EeibcsR7VzzD_w" visibility="public"
      type="_dEDoqmP4EeibcsR7VzzD_w" aggregation="composite" association="_dEDoNmP4EeibcsR7VzzD_w">
      <lowerValue xmi:type="uml:LiteralInteger" xmi:id="_dEDoGWP4EeibcsR7VzzD_w"/>
    </ownedAttribute>
    <ownedAttribute xmi:id="_dEDoGmP4EeibcsR7VzzD_w" name="heeft" visibility="public"
      type="_dEDorGP4EeibcsR7VzzD_w" association="_dEDoOGP4EeibcsR7VzzD_w">
      <upperValue xmi:type="uml:LiteralUnlimitedNatural" xmi:id="_dEDoG2P4EeibcsR7VzzD_w" value="*"/>
      <lowerValue xmi:type="uml:LiteralInteger" xmi:id="_dEDoHGP4EeibcsR7VzzD_w"/>
    </ownedAttribute>
    <ownedAttribute xmi:id="_dEDoHWP4EeibcsR7VzzD_w" visibility="public"
      type="_dEDosmP4EeibcsR7VzzD_w" aggregation="composite" association="_dEDoOmP4EeibcsR7VzzD_w">
      <lowerValue xmi:type="uml:LiteralInteger" xmi:id="_dEDoHmP4EeibcsR7VzzD_w"/>
    </ownedAttribute>
    <ownedAttribute xmi:id="_dEDoH2P4EeibcsR7VzzD_w" name="werkt voor" visibility="public"
      type="_dEDoy2P4EeibcsR7VzzD_w" association="_dEDoPGP4EeibcsR7VzzD_w">
      <upperValue xmi:type="uml:LiteralUnlimitedNatural" xmi:id="_dEDoIGP4EeibcsR7VzzD_w" value="*"/>
      <lowerValue xmi:type="uml:LiteralInteger" xmi:id="_dEDoIWP4EeibcsR7VzzD_w"/>
    </ownedAttribute>
    <ownedAttribute xmi:id="_dEDoImP4EeibcsR7VzzD_w" name="ID" visibility="public" isUnique="false">
      <type xmi:type="uml:PrimitiveType"
        href="pathmap://UML_LIBRARIES/UMLPrimitiveTypes.library.uml#String"/>
    </ownedAttribute>
    <ownedAttribute xmi:id="_dEDoI2P4EeibcsR7VzzD_w" name="naam" visibility="public"
      isUnique="false">
      <type xmi:type="uml:PrimitiveType"
        href="pathmap://UML_LIBRARIES/UMLPrimitiveTypes.library.uml#String"/>
    </ownedAttribute>
    <ownedAttribute xmi:id="_dEDoJGP4EeibcsR7VzzD_w" name="plaats" visibility="public"
      isUnique="false">
      <type xmi:type="uml:PrimitiveType"
        href="pathmap://UML_LIBRARIES/UMLPrimitiveTypes.library.uml#String"/>
    </ownedAttribute>
    <ownedAttribute xmi:id="_dEDoJWP4EeibcsR7VzzD_w" name="budget" visibility="public"
      isUnique="false">
      <type xmi:type="uml:PrimitiveType"
        href="pathmap://UML_LIBRARIES/UMLPrimitiveTypes.library.uml#String"/>
    </ownedAttribute>
    <ownedAttribute xmi:id="_dEDoJmP4EeibcsR7VzzD_w" name="afdeling" visibility="public"
      isUnique="false">
      <type xmi:type="uml:PrimitiveType"
        href="pathmap://UML_LIBRARIES/UMLPrimitiveTypes.library.uml#String"/>
    </ownedAttribute>
    <ownedAttribute xmi:id="_dEDoJ2P4EeibcsR7VzzD_w" name="logo" visibility="public"
      isUnique="false">
      <type xmi:type="uml:PrimitiveType"
        href="pathmap://UML_LIBRARIES/EcorePrimitiveTypes.library.uml#EByte"/>
    </ownedAttribute>
  </packagedElement>
  <packagedElement xmi:type="uml:Association" xmi:id="_dEDoKGP4EeibcsR7VzzD_w"
    memberEnd="_dEDoDmP4EeibcsR7VzzD_w _dEDoKWP4EeibcsR7VzzD_w">
    <ownedEnd xmi:id="_dEDoKWP4EeibcsR7VzzD_w" visibility="public" type="_dEDoDWP4EeibcsR7VzzD_w"
      association="_dEDoKGP4EeibcsR7VzzD_w">
      <upperValue xmi:type="uml:LiteralUnlimitedNatural" xmi:id="_dEDoKmP4EeibcsR7VzzD_w" value="*"
      />
    </ownedEnd>
  </packagedElement>
  <packagedElement xmi:type="uml:Association" xmi:id="_dEDoK2P4EeibcsR7VzzD_w"
    memberEnd="_dEDoEGP4EeibcsR7VzzD_w _dEDoLGP4EeibcsR7VzzD_w">
    <ownedEnd xmi:id="_dEDoLGP4EeibcsR7VzzD_w" visibility="public" type="_dEDoDWP4EeibcsR7VzzD_w"
      association="_dEDoK2P4EeibcsR7VzzD_w"/>
  </packagedElement>
  <packagedElement xmi:type="uml:Association" xmi:id="_dEDoLWP4EeibcsR7VzzD_w"
    memberEnd="_dEDoEmP4EeibcsR7VzzD_w _dEDoLmP4EeibcsR7VzzD_w">
    <ownedEnd xmi:id="_dEDoLmP4EeibcsR7VzzD_w" visibility="public" type="_dEDoDWP4EeibcsR7VzzD_w"
      association="_dEDoLWP4EeibcsR7VzzD_w">
      <upperValue xmi:type="uml:LiteralUnlimitedNatural" xmi:id="_dEDoL2P4EeibcsR7VzzD_w" value="*"
      />
    </ownedEnd>
  </packagedElement>
  <packagedElement xmi:type="uml:Association" xmi:id="_dEDoMGP4EeibcsR7VzzD_w"
    memberEnd="_dEDoFGP4EeibcsR7VzzD_w _dEDoMWP4EeibcsR7VzzD_w">
    <ownedEnd xmi:id="_dEDoMWP4EeibcsR7VzzD_w" visibility="public" type="_dEDoDWP4EeibcsR7VzzD_w"
      association="_dEDoMGP4EeibcsR7VzzD_w">
      <upperValue xmi:type="uml:LiteralUnlimitedNatural" xmi:id="_dEDoMmP4EeibcsR7VzzD_w" value="*"
      />
    </ownedEnd>
  </packagedElement>
  <packagedElement xmi:type="uml:Association" xmi:id="_dEDoM2P4EeibcsR7VzzD_w"
    memberEnd="_dEDoFmP4EeibcsR7VzzD_w _dEDoNGP4EeibcsR7VzzD_w">
    <ownedEnd xmi:id="_dEDoNGP4EeibcsR7VzzD_w" visibility="public" type="_dEDoDWP4EeibcsR7VzzD_w"
      association="_dEDoM2P4EeibcsR7VzzD_w">
      <upperValue xmi:type="uml:LiteralUnlimitedNatural" xmi:id="_dEDoNWP4EeibcsR7VzzD_w" value="*"
      />
    </ownedEnd>
  </packagedElement>
  <packagedElement xmi:type="uml:Association" xmi:id="_dEDoNmP4EeibcsR7VzzD_w"
    memberEnd="_dEDoGGP4EeibcsR7VzzD_w _dEDoN2P4EeibcsR7VzzD_w">
    <ownedEnd xmi:id="_dEDoN2P4EeibcsR7VzzD_w" visibility="public" type="_dEDoDWP4EeibcsR7VzzD_w"
      association="_dEDoNmP4EeibcsR7VzzD_w"/>
  </packagedElement>
  <packagedElement xmi:type="uml:Association" xmi:id="_dEDoOGP4EeibcsR7VzzD_w"
    memberEnd="_dEDoGmP4EeibcsR7VzzD_w _dEDoOWP4EeibcsR7VzzD_w">
    <ownedEnd xmi:id="_dEDoOWP4EeibcsR7VzzD_w" visibility="public" type="_dEDoDWP4EeibcsR7VzzD_w"
      association="_dEDoOGP4EeibcsR7VzzD_w"/>
  </packagedElement>
  <packagedElement xmi:type="uml:Association" xmi:id="_dEDoOmP4EeibcsR7VzzD_w"
    memberEnd="_dEDoHWP4EeibcsR7VzzD_w _dEDoO2P4EeibcsR7VzzD_w">
    <ownedEnd xmi:id="_dEDoO2P4EeibcsR7VzzD_w" visibility="public" type="_dEDoDWP4EeibcsR7VzzD_w"
      association="_dEDoOmP4EeibcsR7VzzD_w"/>
  </packagedElement>
  <packagedElement xmi:type="uml:Association" xmi:id="_dEDoPGP4EeibcsR7VzzD_w"
    memberEnd="_dEDoH2P4EeibcsR7VzzD_w _dEDoPWP4EeibcsR7VzzD_w">
    <ownedEnd xmi:id="_dEDoPWP4EeibcsR7VzzD_w" visibility="public" type="_dEDoDWP4EeibcsR7VzzD_w"
      association="_dEDoPGP4EeibcsR7VzzD_w">
      <upperValue xmi:type="uml:LiteralUnlimitedNatural" xmi:id="_dEDoPmP4EeibcsR7VzzD_w" value="*"/>
      <lowerValue xmi:type="uml:LiteralInteger" xmi:id="_dEDoP2P4EeibcsR7VzzD_w"/>
    </ownedEnd>
  </packagedElement>
  <packagedElement xmi:type="uml:Class" xmi:id="_dEDoQGP4EeibcsR7VzzD_w" name="Taak">
    <ownedAttribute xmi:id="_dEDoQWP4EeibcsR7VzzD_w" name="naam" visibility="public"
      isUnique="false">
      <type xmi:type="uml:PrimitiveType"
        href="pathmap://UML_LIBRARIES/UMLPrimitiveTypes.library.uml#String"/>
    </ownedAttribute>
    <ownedAttribute xmi:id="_dEDoQmP4EeibcsR7VzzD_w" name="omschrijving" visibility="public"
      isUnique="false">
      <type xmi:type="uml:PrimitiveType"
        href="pathmap://UML_LIBRARIES/UMLPrimitiveTypes.library.uml#String"/>
    </ownedAttribute>
    <ownedAttribute xmi:id="_dEDoQ2P4EeibcsR7VzzD_w" name="duur" visibility="public"
      isUnique="false">
      <type xmi:type="uml:PrimitiveType"
        href="pathmap://UML_LIBRARIES/UMLPrimitiveTypes.library.uml#String"/>
    </ownedAttribute>
  </packagedElement>
  <packagedElement xmi:type="uml:Class" xmi:id="_dEDoRGP4EeibcsR7VzzD_w" name="Rol">
    <ownedAttribute xmi:id="_dEDoRWP4EeibcsR7VzzD_w" visibility="public"
      type="_dEDoxmP4EeibcsR7VzzD_w" aggregation="composite" association="_dEDoUWP4EeibcsR7VzzD_w">
      <lowerValue xmi:type="uml:LiteralInteger" xmi:id="_dEDoRmP4EeibcsR7VzzD_w"/>
    </ownedAttribute>
    <ownedAttribute xmi:id="_dEDoR2P4EeibcsR7VzzD_w" visibility="public"
      type="_dEDoxGP4EeibcsR7VzzD_w" aggregation="composite" association="_dEDoU2P4EeibcsR7VzzD_w">
      <lowerValue xmi:type="uml:LiteralInteger" xmi:id="_dEDoSGP4EeibcsR7VzzD_w"/>
    </ownedAttribute>
    <ownedAttribute xmi:id="_dEDoSWP4EeibcsR7VzzD_w" visibility="public"
      type="_dEDoxWP4EeibcsR7VzzD_w" aggregation="composite" association="_dEDoVWP4EeibcsR7VzzD_w">
      <lowerValue xmi:type="uml:LiteralInteger" xmi:id="_dEDoSmP4EeibcsR7VzzD_w"/>
    </ownedAttribute>
    <ownedAttribute xmi:id="_dEDoS2P4EeibcsR7VzzD_w" visibility="public"
      type="_dEDox2P4EeibcsR7VzzD_w" aggregation="composite" association="_dEDoV2P4EeibcsR7VzzD_w">
      <lowerValue xmi:type="uml:LiteralInteger" xmi:id="_dEDoTGP4EeibcsR7VzzD_w"/>
    </ownedAttribute>
    <ownedAttribute xmi:id="_dEDoTWP4EeibcsR7VzzD_w" visibility="public"
      type="_dEDoyGP4EeibcsR7VzzD_w" aggregation="composite" association="_dEDoWWP4EeibcsR7VzzD_w">
      <lowerValue xmi:type="uml:LiteralInteger" xmi:id="_dEDoTmP4EeibcsR7VzzD_w"/>
    </ownedAttribute>
    <ownedAttribute xmi:id="_dEDoT2P4EeibcsR7VzzD_w" name="naam" visibility="public"
      isUnique="false">
      <type xmi:type="uml:PrimitiveType"
        href="pathmap://UML_LIBRARIES/UMLPrimitiveTypes.library.uml#String"/>
    </ownedAttribute>
    <ownedAttribute xmi:id="_dEDoUGP4EeibcsR7VzzD_w" name="bevoegdheid" visibility="public"
      isUnique="false">
      <type xmi:type="uml:PrimitiveType"
        href="pathmap://UML_LIBRARIES/UMLPrimitiveTypes.library.uml#String"/>
    </ownedAttribute>
  </packagedElement>
  <packagedElement xmi:type="uml:Association" xmi:id="_dEDoUWP4EeibcsR7VzzD_w"
    memberEnd="_dEDoRWP4EeibcsR7VzzD_w _dEDoUmP4EeibcsR7VzzD_w">
    <ownedEnd xmi:id="_dEDoUmP4EeibcsR7VzzD_w" visibility="public" type="_dEDoRGP4EeibcsR7VzzD_w"
      association="_dEDoUWP4EeibcsR7VzzD_w"/>
  </packagedElement>
  <packagedElement xmi:type="uml:Association" xmi:id="_dEDoU2P4EeibcsR7VzzD_w"
    memberEnd="_dEDoR2P4EeibcsR7VzzD_w _dEDoVGP4EeibcsR7VzzD_w">
    <ownedEnd xmi:id="_dEDoVGP4EeibcsR7VzzD_w" visibility="public" type="_dEDoRGP4EeibcsR7VzzD_w"
      association="_dEDoU2P4EeibcsR7VzzD_w"/>
  </packagedElement>
  <packagedElement xmi:type="uml:Association" xmi:id="_dEDoVWP4EeibcsR7VzzD_w"
    memberEnd="_dEDoSWP4EeibcsR7VzzD_w _dEDoVmP4EeibcsR7VzzD_w">
    <ownedEnd xmi:id="_dEDoVmP4EeibcsR7VzzD_w" visibility="public" type="_dEDoRGP4EeibcsR7VzzD_w"
      association="_dEDoVWP4EeibcsR7VzzD_w"/>
  </packagedElement>
  <packagedElement xmi:type="uml:Association" xmi:id="_dEDoV2P4EeibcsR7VzzD_w"
    memberEnd="_dEDoS2P4EeibcsR7VzzD_w _dEDoWGP4EeibcsR7VzzD_w">
    <ownedEnd xmi:id="_dEDoWGP4EeibcsR7VzzD_w" visibility="public" type="_dEDoRGP4EeibcsR7VzzD_w"
      association="_dEDoV2P4EeibcsR7VzzD_w"/>
  </packagedElement>
  <packagedElement xmi:type="uml:Association" xmi:id="_dEDoWWP4EeibcsR7VzzD_w"
    memberEnd="_dEDoTWP4EeibcsR7VzzD_w _dEDoWmP4EeibcsR7VzzD_w">
    <ownedEnd xmi:id="_dEDoWmP4EeibcsR7VzzD_w" visibility="public" type="_dEDoRGP4EeibcsR7VzzD_w"
      association="_dEDoWWP4EeibcsR7VzzD_w"/>
  </packagedElement>
  <packagedElement xmi:type="uml:Class" xmi:id="_dEDoW2P4EeibcsR7VzzD_w" name="Functie">
    <ownedAttribute xmi:id="_dEDoXGP4EeibcsR7VzzD_w" name="naam" visibility="public"
      isUnique="false">
      <type xmi:type="uml:PrimitiveType"
        href="pathmap://UML_LIBRARIES/UMLPrimitiveTypes.library.uml#String"/>
    </ownedAttribute>
    <ownedAttribute xmi:id="_dEDoXWP4EeibcsR7VzzD_w" name="niveau" visibility="public"
      isUnique="false">
      <type xmi:type="uml:PrimitiveType"
        href="pathmap://UML_LIBRARIES/UMLPrimitiveTypes.library.uml#String"/>
    </ownedAttribute>
  </packagedElement>
  <packagedElement xmi:type="uml:Class" xmi:id="_dEDoXmP4EeibcsR7VzzD_w" name="Teambezetting">
    <ownedAttribute xmi:id="_dEDoX2P4EeibcsR7VzzD_w" name="houdt rekening met" visibility="public"
      type="_dEDocGP4EeibcsR7VzzD_w" association="_dEDoaGP4EeibcsR7VzzD_w">
      <upperValue xmi:type="uml:LiteralUnlimitedNatural" xmi:id="_dEDoYGP4EeibcsR7VzzD_w" value="*"/>
      <lowerValue xmi:type="uml:LiteralInteger" xmi:id="_dEDoYWP4EeibcsR7VzzD_w"/>
    </ownedAttribute>
    <ownedAttribute xmi:id="_dEDoYmP4EeibcsR7VzzD_w" visibility="public"
      type="_dEDoQGP4EeibcsR7VzzD_w" aggregation="composite" association="_dEDobGP4EeibcsR7VzzD_w">
      <upperValue xmi:type="uml:LiteralUnlimitedNatural" xmi:id="_dEDoY2P4EeibcsR7VzzD_w" value="*"/>
      <lowerValue xmi:type="uml:LiteralInteger" xmi:id="_dEDoZGP4EeibcsR7VzzD_w"/>
    </ownedAttribute>
    <ownedAttribute xmi:id="_dEDoZWP4EeibcsR7VzzD_w" name="minimaleBezetting" visibility="public"
      isUnique="false">
      <type xmi:type="uml:PrimitiveType"
        href="pathmap://UML_LIBRARIES/UMLPrimitiveTypes.library.uml#Integer"/>
    </ownedAttribute>
    <ownedAttribute xmi:id="_dEDoZmP4EeibcsR7VzzD_w" name="buffer" visibility="public"
      isUnique="false">
      <ownedComment xmi:id="_dEDoZ2P4EeibcsR7VzzD_w">
        <body>&lt;Enter note text here></body>
      </ownedComment>
      <type xmi:type="uml:PrimitiveType"
        href="pathmap://UML_LIBRARIES/UMLPrimitiveTypes.library.uml#Integer"/>
    </ownedAttribute>
  </packagedElement>
  <packagedElement xmi:type="uml:Association" xmi:id="_dEDoaGP4EeibcsR7VzzD_w"
    memberEnd="_dEDoX2P4EeibcsR7VzzD_w _dEDoaWP4EeibcsR7VzzD_w">
    <ownedEnd xmi:id="_dEDoaWP4EeibcsR7VzzD_w" visibility="public" type="_dEDoXmP4EeibcsR7VzzD_w"
      association="_dEDoaGP4EeibcsR7VzzD_w">
      <upperValue xmi:type="uml:LiteralUnlimitedNatural" xmi:id="_dEDoamP4EeibcsR7VzzD_w" value="*"/>
      <lowerValue xmi:type="uml:LiteralInteger" xmi:id="_dEDoa2P4EeibcsR7VzzD_w"/>
    </ownedEnd>
  </packagedElement>
  <packagedElement xmi:type="uml:Association" xmi:id="_dEDobGP4EeibcsR7VzzD_w"
    memberEnd="_dEDoYmP4EeibcsR7VzzD_w _dEDobWP4EeibcsR7VzzD_w">
    <ownedEnd xmi:id="_dEDobWP4EeibcsR7VzzD_w" visibility="public" type="_dEDoXmP4EeibcsR7VzzD_w"
      association="_dEDobGP4EeibcsR7VzzD_w">
      <upperValue xmi:type="uml:LiteralUnlimitedNatural" xmi:id="_dEDobmP4EeibcsR7VzzD_w" value="*"/>
      <lowerValue xmi:type="uml:LiteralInteger" xmi:id="_dEDob2P4EeibcsR7VzzD_w"/>
    </ownedEnd>
  </packagedElement>
  <packagedElement xmi:type="uml:Class" xmi:id="_dEDocGP4EeibcsR7VzzD_w" name="Absentiedagen">
    <ownedAttribute xmi:id="_dEDocWP4EeibcsR7VzzD_w" visibility="public"
      type="_dEDooWP4EeibcsR7VzzD_w" aggregation="composite" association="_dEDoeWP4EeibcsR7VzzD_w">
      <lowerValue xmi:type="uml:LiteralInteger" xmi:id="_dEDocmP4EeibcsR7VzzD_w"/>
    </ownedAttribute>
    <ownedAttribute xmi:id="_dEDoc2P4EeibcsR7VzzD_w" visibility="public"
      type="_dEDop2P4EeibcsR7VzzD_w" aggregation="composite" association="_dEDoe2P4EeibcsR7VzzD_w">
      <lowerValue xmi:type="uml:LiteralInteger" xmi:id="_dEDodGP4EeibcsR7VzzD_w"/>
    </ownedAttribute>
    <ownedAttribute xmi:id="_dEDodWP4EeibcsR7VzzD_w" visibility="public"
      type="_dEDogmP4EeibcsR7VzzD_w" aggregation="composite" association="_dEDofWP4EeibcsR7VzzD_w">
      <lowerValue xmi:type="uml:LiteralInteger" xmi:id="_dEDodmP4EeibcsR7VzzD_w"/>
    </ownedAttribute>
    <ownedAttribute xmi:id="_dEDod2P4EeibcsR7VzzD_w" name="datumBegin" visibility="public"
      isUnique="false">
      <type xmi:type="uml:PrimitiveType"
        href="pathmap://UML_LIBRARIES/UMLPrimitiveTypes.library.uml#String"/>
    </ownedAttribute>
    <ownedAttribute xmi:id="_dEDoeGP4EeibcsR7VzzD_w" name="datumEinde" visibility="public"
      isUnique="false">
      <type xmi:type="uml:PrimitiveType"
        href="pathmap://UML_LIBRARIES/UMLPrimitiveTypes.library.uml#String"/>
    </ownedAttribute>
  </packagedElement>
  <packagedElement xmi:type="uml:Association" xmi:id="_dEDoeWP4EeibcsR7VzzD_w"
    memberEnd="_dEDocWP4EeibcsR7VzzD_w _dEDoemP4EeibcsR7VzzD_w">
    <ownedEnd xmi:id="_dEDoemP4EeibcsR7VzzD_w" visibility="public" type="_dEDocGP4EeibcsR7VzzD_w"
      association="_dEDoeWP4EeibcsR7VzzD_w"/>
  </packagedElement>
  <packagedElement xmi:type="uml:Association" xmi:id="_dEDoe2P4EeibcsR7VzzD_w"
    memberEnd="_dEDoc2P4EeibcsR7VzzD_w _dEDofGP4EeibcsR7VzzD_w">
    <ownedEnd xmi:id="_dEDofGP4EeibcsR7VzzD_w" visibility="public" type="_dEDocGP4EeibcsR7VzzD_w"
      association="_dEDoe2P4EeibcsR7VzzD_w"/>
  </packagedElement>
  <packagedElement xmi:type="uml:Association" xmi:id="_dEDofWP4EeibcsR7VzzD_w"
    memberEnd="_dEDodWP4EeibcsR7VzzD_w _dEDofmP4EeibcsR7VzzD_w">
    <ownedEnd xmi:id="_dEDofmP4EeibcsR7VzzD_w" visibility="public" type="_dEDocGP4EeibcsR7VzzD_w"
      association="_dEDofWP4EeibcsR7VzzD_w"/>
  </packagedElement>
  <packagedElement xmi:type="uml:Class" xmi:id="_dEDof2P4EeibcsR7VzzD_w" name="Langdurig Verlof">
    <ownedAttribute xmi:id="_dEDogGP4EeibcsR7VzzD_w" name="datumBegin" visibility="public"
      isUnique="false">
      <type xmi:type="uml:PrimitiveType"
        href="pathmap://UML_LIBRARIES/UMLPrimitiveTypes.library.uml#String"/>
    </ownedAttribute>
    <ownedAttribute xmi:id="_dEDogWP4EeibcsR7VzzD_w" name="datumEinde" visibility="public"
      isUnique="false">
      <type xmi:type="uml:PrimitiveType"
        href="pathmap://UML_LIBRARIES/UMLPrimitiveTypes.library.uml#String"/>
    </ownedAttribute>
  </packagedElement>
  <packagedElement xmi:type="uml:Class" xmi:id="_dEDogmP4EeibcsR7VzzD_w" name="Verlofdagen">
    <ownedAttribute xmi:id="_dEDog2P4EeibcsR7VzzD_w" visibility="public"
      type="_dEDof2P4EeibcsR7VzzD_w" aggregation="composite" association="_dEDokWP4EeibcsR7VzzD_w">
      <lowerValue xmi:type="uml:LiteralInteger" xmi:id="_dEDohGP4EeibcsR7VzzD_w"/>
    </ownedAttribute>
    <ownedAttribute xmi:id="_dEDohWP4EeibcsR7VzzD_w" visibility="public"
      type="_dEDopGP4EeibcsR7VzzD_w" aggregation="composite" association="_dEDok2P4EeibcsR7VzzD_w">
      <lowerValue xmi:type="uml:LiteralInteger" xmi:id="_dEDohmP4EeibcsR7VzzD_w"/>
    </ownedAttribute>
    <ownedAttribute xmi:id="_dEDoh2P4EeibcsR7VzzD_w" visibility="public"
      type="_dEDom2P4EeibcsR7VzzD_w" aggregation="composite" association="_dEDolWP4EeibcsR7VzzD_w">
      <lowerValue xmi:type="uml:LiteralInteger" xmi:id="_dEDoiGP4EeibcsR7VzzD_w"/>
    </ownedAttribute>
    <ownedAttribute xmi:id="_dEDoiWP4EeibcsR7VzzD_w" visibility="public"
      type="_dEDonmP4EeibcsR7VzzD_w" aggregation="composite" association="_dEDol2P4EeibcsR7VzzD_w">
      <lowerValue xmi:type="uml:LiteralInteger" xmi:id="_dEDoimP4EeibcsR7VzzD_w"/>
    </ownedAttribute>
    <ownedAttribute xmi:id="_dEDoi2P4EeibcsR7VzzD_w" visibility="public"
      type="_dEDozWP4EeibcsR7VzzD_w" aggregation="composite" association="_dEDomWP4EeibcsR7VzzD_w">
      <lowerValue xmi:type="uml:LiteralInteger" xmi:id="_dEDojGP4EeibcsR7VzzD_w"/>
    </ownedAttribute>
    <ownedAttribute xmi:id="_dEDojWP4EeibcsR7VzzD_w" name="datumEinde" visibility="public"
      isUnique="false">
      <type xmi:type="uml:PrimitiveType"
        href="pathmap://UML_LIBRARIES/UMLPrimitiveTypes.library.uml#String"/>
    </ownedAttribute>
    <ownedAttribute xmi:id="_dEDojmP4EeibcsR7VzzD_w" name="datumBegin" visibility="public"
      isUnique="false">
      <type xmi:type="uml:PrimitiveType"
        href="pathmap://UML_LIBRARIES/UMLPrimitiveTypes.library.uml#String"/>
    </ownedAttribute>
    <ownedAttribute xmi:id="_dEDoj2P4EeibcsR7VzzD_w" name="totaalAantal" visibility="public"
      isUnique="false">
      <type xmi:type="uml:PrimitiveType"
        href="pathmap://UML_LIBRARIES/UMLPrimitiveTypes.library.uml#String"/>
    </ownedAttribute>
    <ownedAttribute xmi:id="_dEDokGP4EeibcsR7VzzD_w" name="beschikbaarAantal" visibility="public"
      isUnique="false">
      <type xmi:type="uml:PrimitiveType"
        href="pathmap://UML_LIBRARIES/UMLPrimitiveTypes.library.uml#String"/>
    </ownedAttribute>
  </packagedElement>
  <packagedElement xmi:type="uml:Association" xmi:id="_dEDokWP4EeibcsR7VzzD_w"
    memberEnd="_dEDog2P4EeibcsR7VzzD_w _dEDokmP4EeibcsR7VzzD_w">
    <ownedEnd xmi:id="_dEDokmP4EeibcsR7VzzD_w" visibility="public" type="_dEDogmP4EeibcsR7VzzD_w"
      association="_dEDokWP4EeibcsR7VzzD_w"/>
  </packagedElement>
  <packagedElement xmi:type="uml:Association" xmi:id="_dEDok2P4EeibcsR7VzzD_w"
    memberEnd="_dEDohWP4EeibcsR7VzzD_w _dEDolGP4EeibcsR7VzzD_w">
    <ownedEnd xmi:id="_dEDolGP4EeibcsR7VzzD_w" visibility="public" type="_dEDogmP4EeibcsR7VzzD_w"
      association="_dEDok2P4EeibcsR7VzzD_w"/>
  </packagedElement>
  <packagedElement xmi:type="uml:Association" xmi:id="_dEDolWP4EeibcsR7VzzD_w"
    memberEnd="_dEDoh2P4EeibcsR7VzzD_w _dEDolmP4EeibcsR7VzzD_w">
    <ownedEnd xmi:id="_dEDolmP4EeibcsR7VzzD_w" visibility="public" type="_dEDogmP4EeibcsR7VzzD_w"
      association="_dEDolWP4EeibcsR7VzzD_w"/>
  </packagedElement>
  <packagedElement xmi:type="uml:Association" xmi:id="_dEDol2P4EeibcsR7VzzD_w"
    memberEnd="_dEDoiWP4EeibcsR7VzzD_w _dEDomGP4EeibcsR7VzzD_w">
    <ownedEnd xmi:id="_dEDomGP4EeibcsR7VzzD_w" visibility="public" type="_dEDogmP4EeibcsR7VzzD_w"
      association="_dEDol2P4EeibcsR7VzzD_w"/>
  </packagedElement>
  <packagedElement xmi:type="uml:Association" xmi:id="_dEDomWP4EeibcsR7VzzD_w"
    memberEnd="_dEDoi2P4EeibcsR7VzzD_w _dEDommP4EeibcsR7VzzD_w">
    <ownedEnd xmi:id="_dEDommP4EeibcsR7VzzD_w" visibility="public" type="_dEDogmP4EeibcsR7VzzD_w"
      association="_dEDomWP4EeibcsR7VzzD_w"/>
  </packagedElement>
  <packagedElement xmi:type="uml:Class" xmi:id="_dEDom2P4EeibcsR7VzzD_w" name="Bijzonder Verlof">
    <ownedAttribute xmi:id="_dEDonGP4EeibcsR7VzzD_w" name="datumBegin" visibility="public"
      isUnique="false">
      <type xmi:type="uml:PrimitiveType"
        href="pathmap://UML_LIBRARIES/UMLPrimitiveTypes.library.uml#String"/>
    </ownedAttribute>
    <ownedAttribute xmi:id="_dEDonWP4EeibcsR7VzzD_w" name="datumEinde" visibility="public"
      isUnique="false">
      <type xmi:type="uml:PrimitiveType"
        href="pathmap://UML_LIBRARIES/UMLPrimitiveTypes.library.uml#String"/>
    </ownedAttribute>
  </packagedElement>
  <packagedElement xmi:type="uml:Class" xmi:id="_dEDonmP4EeibcsR7VzzD_w" name="Kind Verlof">
    <ownedAttribute xmi:id="_dEDon2P4EeibcsR7VzzD_w" name="datumBegin" visibility="public"
      isUnique="false">
      <type xmi:type="uml:PrimitiveType"
        href="pathmap://UML_LIBRARIES/UMLPrimitiveTypes.library.uml#String"/>
    </ownedAttribute>
    <ownedAttribute xmi:id="_dEDooGP4EeibcsR7VzzD_w" name="datumEinde" visibility="public"
      isUnique="false">
      <type xmi:type="uml:PrimitiveType"
        href="pathmap://UML_LIBRARIES/UMLPrimitiveTypes.library.uml#String"/>
    </ownedAttribute>
  </packagedElement>
  <packagedElement xmi:type="uml:Class" xmi:id="_dEDooWP4EeibcsR7VzzD_w" name="Opleidingsdagen">
    <ownedAttribute xmi:id="_dEDoomP4EeibcsR7VzzD_w" name="datumBegin" visibility="public"
      isUnique="false">
      <type xmi:type="uml:PrimitiveType"
        href="pathmap://UML_LIBRARIES/UMLPrimitiveTypes.library.uml#String"/>
    </ownedAttribute>
    <ownedAttribute xmi:id="_dEDoo2P4EeibcsR7VzzD_w" name="datumEinde" visibility="public"
      isUnique="false">
      <type xmi:type="uml:PrimitiveType"
        href="pathmap://UML_LIBRARIES/UMLPrimitiveTypes.library.uml#String"/>
    </ownedAttribute>
  </packagedElement>
  <packagedElement xmi:type="uml:Class" xmi:id="_dEDopGP4EeibcsR7VzzD_w" name="Prive Verlof">
    <ownedAttribute xmi:id="_dEDopWP4EeibcsR7VzzD_w" name="datumBegin" visibility="public"
      isUnique="false">
      <type xmi:type="uml:PrimitiveType"
        href="pathmap://UML_LIBRARIES/UMLPrimitiveTypes.library.uml#String"/>
    </ownedAttribute>
    <ownedAttribute xmi:id="_dEDopmP4EeibcsR7VzzD_w" name="datumEinde" visibility="public"
      isUnique="false">
      <type xmi:type="uml:PrimitiveType"
        href="pathmap://UML_LIBRARIES/UMLPrimitiveTypes.library.uml#String"/>
    </ownedAttribute>
  </packagedElement>
  <packagedElement xmi:type="uml:Class" xmi:id="_dEDop2P4EeibcsR7VzzD_w" name="Verzuimdagen">
    <ownedAttribute xmi:id="_dEDoqGP4EeibcsR7VzzD_w" name="datumBegin" visibility="public"
      isUnique="false">
      <type xmi:type="uml:PrimitiveType"
        href="pathmap://UML_LIBRARIES/UMLPrimitiveTypes.library.uml#String"/>
    </ownedAttribute>
    <ownedAttribute xmi:id="_dEDoqWP4EeibcsR7VzzD_w" name="datumEinde" visibility="public"
      isUnique="false">
      <type xmi:type="uml:PrimitiveType"
        href="pathmap://UML_LIBRARIES/UMLPrimitiveTypes.library.uml#String"/>
    </ownedAttribute>
  </packagedElement>
  <packagedElement xmi:type="uml:Class" xmi:id="_dEDoqmP4EeibcsR7VzzD_w" name="Prikbord">
    <ownedAttribute xmi:id="_dEDoq2P4EeibcsR7VzzD_w" name="Post" visibility="public"
      isUnique="false">
      <type xmi:type="uml:PrimitiveType"
        href="pathmap://UML_LIBRARIES/UMLPrimitiveTypes.library.uml#String"/>
    </ownedAttribute>
  </packagedElement>
  <packagedElement xmi:type="uml:Class" xmi:id="_dEDorGP4EeibcsR7VzzD_w" name="Aankopen">
    <ownedAttribute xmi:id="_dEDorWP4EeibcsR7VzzD_w" name="beschrijving" visibility="public"
      isUnique="false">
      <type xmi:type="uml:PrimitiveType"
        href="pathmap://UML_LIBRARIES/UMLPrimitiveTypes.library.uml#String"/>
    </ownedAttribute>
    <ownedAttribute xmi:id="_dEDormP4EeibcsR7VzzD_w" name="kosten" visibility="public"
      isUnique="false">
      <type xmi:type="uml:PrimitiveType"
        href="pathmap://UML_LIBRARIES/UMLPrimitiveTypes.library.uml#Integer"/>
    </ownedAttribute>
  </packagedElement>
  <packagedElement xmi:type="uml:Class" xmi:id="_dEDor2P4EeibcsR7VzzD_w" name="Opleiding">
    <ownedAttribute xmi:id="_dEDosGP4EeibcsR7VzzD_w" name="naam" visibility="public"
      isUnique="false">
      <type xmi:type="uml:PrimitiveType"
        href="pathmap://UML_LIBRARIES/UMLPrimitiveTypes.library.uml#String"/>
    </ownedAttribute>
    <ownedAttribute xmi:id="_dEDosWP4EeibcsR7VzzD_w" name="niveau" visibility="public"
      isUnique="false">
      <type xmi:type="uml:PrimitiveType"
        href="pathmap://UML_LIBRARIES/UMLPrimitiveTypes.library.uml#String"/>
    </ownedAttribute>
  </packagedElement>
  <packagedElement xmi:type="uml:Class" xmi:id="_dEDosmP4EeibcsR7VzzD_w" name="Teamplanning">
    <ownedAttribute xmi:id="_dEDos2P4EeibcsR7VzzD_w" visibility="public"
      type="_dEDoQGP4EeibcsR7VzzD_w" aggregation="composite" association="_dEDou2P4EeibcsR7VzzD_w">
      <lowerValue xmi:type="uml:LiteralInteger" xmi:id="_dEDotGP4EeibcsR7VzzD_w"/>
    </ownedAttribute>
    <ownedAttribute xmi:id="_dEDotWP4EeibcsR7VzzD_w" name="gebasseerd op" visibility="public"
      type="_dEDoXmP4EeibcsR7VzzD_w" association="_dEDovWP4EeibcsR7VzzD_w"/>
    <ownedAttribute xmi:id="_dEDotmP4EeibcsR7VzzD_w" name="is afgestemd met" visibility="public"
      type="_dEDoy2P4EeibcsR7VzzD_w" association="_dEDowGP4EeibcsR7VzzD_w">
      <lowerValue xmi:type="uml:LiteralInteger" xmi:id="_dEDot2P4EeibcsR7VzzD_w"/>
    </ownedAttribute>
    <ownedAttribute xmi:id="_dEDouGP4EeibcsR7VzzD_w" name="periode" visibility="public"
      isUnique="false">
      <type xmi:type="uml:PrimitiveType"
        href="pathmap://UML_LIBRARIES/UMLPrimitiveTypes.library.uml#String"/>
    </ownedAttribute>
    <ownedAttribute xmi:id="_dEDouWP4EeibcsR7VzzD_w" name="datumStart" visibility="public"
      isUnique="false">
      <type xmi:type="uml:PrimitiveType"
        href="pathmap://UML_LIBRARIES/EcorePrimitiveTypes.library.uml#EDate"/>
    </ownedAttribute>
    <ownedAttribute xmi:id="_dEDoumP4EeibcsR7VzzD_w" name="datumEind" visibility="public"
      isUnique="false">
      <type xmi:type="uml:PrimitiveType"
        href="pathmap://UML_LIBRARIES/EcorePrimitiveTypes.library.uml#EDate"/>
    </ownedAttribute>
  </packagedElement>
  <packagedElement xmi:type="uml:Association" xmi:id="_dEDou2P4EeibcsR7VzzD_w"
    memberEnd="_dEDos2P4EeibcsR7VzzD_w _dEDovGP4EeibcsR7VzzD_w">
    <ownedEnd xmi:id="_dEDovGP4EeibcsR7VzzD_w" visibility="public" type="_dEDosmP4EeibcsR7VzzD_w"
      association="_dEDou2P4EeibcsR7VzzD_w"/>
  </packagedElement>
  <packagedElement xmi:type="uml:Association" xmi:id="_dEDovWP4EeibcsR7VzzD_w"
    memberEnd="_dEDotWP4EeibcsR7VzzD_w _dEDovmP4EeibcsR7VzzD_w">
    <ownedEnd xmi:id="_dEDovmP4EeibcsR7VzzD_w" visibility="public" type="_dEDosmP4EeibcsR7VzzD_w"
      association="_dEDovWP4EeibcsR7VzzD_w">
      <lowerValue xmi:type="uml:LiteralInteger" xmi:id="_dEDov2P4EeibcsR7VzzD_w"/>
    </ownedEnd>
  </packagedElement>
  <packagedElement xmi:type="uml:Association" xmi:id="_dEDowGP4EeibcsR7VzzD_w"
    memberEnd="_dEDotmP4EeibcsR7VzzD_w _dEDowWP4EeibcsR7VzzD_w">
    <ownedEnd xmi:id="_dEDowWP4EeibcsR7VzzD_w" visibility="public" type="_dEDosmP4EeibcsR7VzzD_w"
      association="_dEDowGP4EeibcsR7VzzD_w">
      <upperValue xmi:type="uml:LiteralUnlimitedNatural" xmi:id="_dEDowmP4EeibcsR7VzzD_w" value="*"/>
      <lowerValue xmi:type="uml:LiteralInteger" xmi:id="_dEDow2P4EeibcsR7VzzD_w"/>
    </ownedEnd>
  </packagedElement>
  <packagedElement xmi:type="uml:Class" xmi:id="_dEDoxGP4EeibcsR7VzzD_w" name="Poortwachter"/>
  <packagedElement xmi:type="uml:Class" xmi:id="_dEDoxWP4EeibcsR7VzzD_w" name="Verlof Management"/>
  <packagedElement xmi:type="uml:Class" xmi:id="_dEDoxmP4EeibcsR7VzzD_w" name="Bezetting Accordatie"/>
  <packagedElement xmi:type="uml:Class" xmi:id="_dEDox2P4EeibcsR7VzzD_w"
    name="Responsetijd Management"/>
  <packagedElement xmi:type="uml:Class" xmi:id="_dEDoyGP4EeibcsR7VzzD_w" name="HR Chat Management"/>
  <packagedElement xmi:type="uml:Class" xmi:id="_dEDoyWP4EeibcsR7VzzD_w" name="Leverancier"/>
  <packagedElement xmi:type="uml:Class" xmi:id="_dEDoymP4EeibcsR7VzzD_w" name="Overig"/>
  <packagedElement xmi:type="uml:Class" xmi:id="_dEDoy2P4EeibcsR7VzzD_w" name="Klant">
    <ownedAttribute xmi:id="_dEDozGP4EeibcsR7VzzD_w" name="aantalUur" visibility="public"
      isUnique="false">
      <type xmi:type="uml:PrimitiveType"
        href="pathmap://UML_LIBRARIES/UMLPrimitiveTypes.library.uml#Integer"/>
    </ownedAttribute>
  </packagedElement>
  <packagedElement xmi:type="uml:Class" xmi:id="_dEDozWP4EeibcsR7VzzD_w" name="Vakantie Verlof">
    <ownedAttribute xmi:id="_dEDozmP4EeibcsR7VzzD_w" name="datumBegin" visibility="public"
      isUnique="false">
      <type xmi:type="uml:PrimitiveType"
        href="pathmap://UML_LIBRARIES/UMLPrimitiveTypes.library.uml#String"/>
    </ownedAttribute>
    <ownedAttribute xmi:id="_dEDoz2P4EeibcsR7VzzD_w" name="datumEinde" visibility="public"
      isUnique="false">
      <type xmi:type="uml:PrimitiveType"
        href="pathmap://UML_LIBRARIES/UMLPrimitiveTypes.library.uml#String"/>
    </ownedAttribute>
  </packagedElement>
</uml:Model>
